FakeCustomerID,Total_Volume,Vol_2019,Early2020,Covid_Vol,Vol_2020,Group
100771,6252,1816,347.0,1442.0,1789.0,Small
102180,20553,5222,423.0,4394.0,4817.0,Small
102643,8164,2670,522.0,1181.0,1703.0,Small
102750,2747,1013,184.0,221.0,405.0,Small
103308,326088,90140,16623.0,87077.0,103700.0,Medium
103862,18751,2232,274.0,6805.0,7079.0,Small
104216,6607,1941,524.0,1019.0,1543.0,Small
104298,474821,141105,23404.0,64722.0,88126.0,Medium
105129,4189,1313,292.0,438.0,730.0,Small
105157,10834,1750,329.0,3058.0,3387.0,Small
105679,46460,11153,1697.0,11976.0,13673.0,Medium
105732,22609,4583,1142.0,8218.0,9360.0,Small
105833,8808,1939,341.0,2979.0,3320.0,Small
107034,55626,24674,2420.0,7585.0,10005.0,Medium
108454,5689,1311,3.0,1955.0,1958.0,Small
109196,4301,1091,219.0,1192.0,1411.0,Small
109209,14300,2010,552.0,6742.0,7294.0,Small
109422,7007,1817,443.0,1497.0,1940.0,Small
109930,38121,7028,1211.0,13501.0,14712.0,Small
110804,31427,11369,1733.0,8382.0,10115.0,Medium
111250,5699,1421,213.0,1660.0,1873.0,Small
112215,135488,42919,8170.0,15054.0,23224.0,Medium
113454,10598,2388,491.0,2653.0,3144.0,Small
114555,41279,8113,1669.0,5820.0,7489.0,Small
114564,48832,14676,2416.0,14512.0,16928.0,Medium
114771,50786,14661,2492.0,11414.0,13906.0,Medium
115266,921528,156807,56089.0,417790.0,473879.0,Medium
115586,10396,2579,380.0,4590.0,4970.0,Small
116126,8882,7048,15.0,0.0,15.0,Small
117163,12328,3426,604.0,2951.0,3555.0,Small
117899,838561,202098,30219.0,240877.0,271096.0,Large
118720,11807,1337,276.0,4708.0,4984.0,Small
119154,8553,1544,237.0,2297.0,2534.0,Small
119366,25705,5573,617.0,8050.0,8667.0,Small
119726,33867,3996,956.0,18264.0,19220.0,Small
120030,11937,2770,561.0,2537.0,3098.0,Small
120264,11834,2091,521.0,4304.0,4825.0,Small
121299,4298,4019,279.0,0.0,279.0,Small
123806,45047053,8631483,1618806.0,13843557.0,15462363.0,Enterprise
123901,8251,1189,149.0,2855.0,3004.0,Small
124898,2979,1032,48.0,519.0,567.0,Small
126917,3041,1268,154.0,584.0,738.0,Small
127658,260551,49782,10314.0,95939.0,106253.0,Medium
129828,12919,3440,652.0,3306.0,3958.0,Small
130603,847190,177884,47203.0,290229.0,337432.0,Medium
132789,31914,11200,1921.0,9148.0,11069.0,Medium
133004,160723,29638,6055.0,65913.0,71968.0,Medium
134260,6792,1471,274.0,1950.0,2224.0,Small
134688,5700,1744,230.0,1005.0,1235.0,Small
135565,33788,4120,1114.0,13671.0,14785.0,Small
137245,12768,3320,555.0,3016.0,3571.0,Small
137550,14965,3916,632.0,4311.0,4943.0,Small
137580,11509,3694,339.0,1210.0,1549.0,Small
137770,32617,5482,281.0,12957.0,13238.0,Small
139056,12090,3542,685.0,2501.0,3186.0,Small
139932,22881,5786,897.0,4432.0,5329.0,Small
140137,9536,2861,554.0,2846.0,3400.0,Small
141285,33339,8065,1522.0,9999.0,11521.0,Small
142244,10277,1865,396.0,4813.0,5209.0,Small
142426,7073,1596,274.0,2197.0,2471.0,Small
142553,4591,1177,194.0,1754.0,1948.0,Small
144127,31972,4198,1055.0,15040.0,16095.0,Small
145203,7858,1212,325.0,831.0,1156.0,Small
145719,3789,1411,211.0,157.0,368.0,Small
146899,18260,4508,751.0,4420.0,5171.0,Small
150644,39710,10417,2070.0,11148.0,13218.0,Medium
151144,5872,1213,280.0,1383.0,1663.0,Small
152878,42989,2404,883.0,15803.0,16686.0,Small
155075,6669,2672,534.0,2440.0,2974.0,Small
155390,7270,1262,185.0,1092.0,1277.0,Small
156163,8681,2622,860.0,3478.0,4338.0,Small
156924,8757,2460,220.0,1613.0,1833.0,Small
157701,7911,1081,307.0,4202.0,4509.0,Small
158330,6954,2339,561.0,845.0,1406.0,Small
159364,18777,4427,641.0,4731.0,5372.0,Small
159874,16407,4467,618.0,3278.0,3896.0,Small
162466,70999,11124,2651.0,27824.0,30475.0,Medium
162615,5386,1208,153.0,1690.0,1843.0,Small
163057,15628,3043,380.0,4234.0,4614.0,Small
164377,335516,157262,24084.0,8428.0,32512.0,Medium
165730,3034,1473,153.0,385.0,538.0,Small
166091,18789,5045,879.0,3998.0,4877.0,Small
167795,5028,1174,136.0,1658.0,1794.0,Small
168399,6039,1340,209.0,1544.0,1753.0,Small
169214,2830,1469,265.0,277.0,542.0,Small
169868,61092,15812,1323.0,18353.0,19676.0,Medium
171458,77628,8116,1441.0,18442.0,19883.0,Small
172282,9313,2594,612.0,1558.0,2170.0,Small
174770,7162,1637,288.0,2292.0,2580.0,Small
175233,13413,6011,515.0,3428.0,3943.0,Small
176306,21206,4340,838.0,6530.0,7368.0,Small
177272,8390,1657,265.0,2609.0,2874.0,Small
177318,165753,39090,6558.0,10083.0,16641.0,Medium
178060,3457,1117,327.0,997.0,1324.0,Small
178432,31134,6986,321.0,12059.0,12380.0,Small
178731,42778,11562,1984.0,11005.0,12989.0,Medium
178797,7685,2401,256.0,2100.0,2356.0,Small
178835,393791,89884,16009.0,110651.0,126660.0,Medium
179544,11917,3237,320.0,4651.0,4971.0,Small
179838,24585,6090,80.0,1115.0,1195.0,Small
180567,11313,1776,346.0,3782.0,4128.0,Small
182784,12645,4128,621.0,1895.0,2516.0,Small
183231,14643,4715,264.0,2235.0,2499.0,Small
186819,84747,36793,10262.0,10976.0,21238.0,Medium
187319,6265,1298,565.0,1686.0,2251.0,Small
188073,20330,2273,537.0,8359.0,8896.0,Small
188225,11293,3734,105.0,3122.0,3227.0,Small
188238,131654,35421,11475.0,34741.0,46216.0,Medium
188710,7847,2231,185.0,1368.0,1553.0,Small
189658,13607,2167,217.0,6346.0,6563.0,Small
190124,7259,1201,290.0,3026.0,3316.0,Small
190135,8570,2874,976.0,1240.0,2216.0,Small
190192,39525,2081,791.0,13369.0,14160.0,Small
190745,5886,1118,170.0,1549.0,1719.0,Small
192167,60764,13327,3511.0,18338.0,21849.0,Medium
192536,7006,1248,215.0,2001.0,2216.0,Small
193702,5488,1539,312.0,1943.0,2255.0,Small
194577,18667,3228,927.0,5453.0,6380.0,Small
195237,15209,4658,761.0,2526.0,3287.0,Small
196254,64650,14013,1030.0,7614.0,8644.0,Medium
196632,9047,2537,641.0,1835.0,2476.0,Small
196781,2781,2095,0.0,1.0,1.0,Small
196835,680282,118724,63838.0,206625.0,270463.0,Medium
198080,14783,4933,265.0,653.0,918.0,Small
198502,9623,3088,580.0,1788.0,2368.0,Small
199653,24817,5487,1082.0,6373.0,7455.0,Small
199718,10159,2890,534.0,1994.0,2528.0,Small
201196,92332,13007,1928.0,40120.0,42048.0,Medium
202573,14764,4959,692.0,4551.0,5243.0,Small
203090,42677,5734,1566.0,17828.0,19394.0,Small
205223,18034,5667,467.0,2329.0,2796.0,Small
205943,82973,17266,4210.0,27218.0,31428.0,Medium
206155,72335,19865,4830.0,11902.0,16732.0,Medium
207157,10420,2635,0.0,0.0,0.0,Small
209054,12197,3342,495.0,2438.0,2933.0,Small
209479,5303,1436,198.0,988.0,1186.0,Small
209666,5560,1553,103.0,620.0,723.0,Small
210017,2739,1170,84.0,199.0,283.0,Small
210626,10654,3130,516.0,1763.0,2279.0,Small
210645,32558,6132,430.0,8775.0,9205.0,Small
211598,745186,179733,29640.0,189130.0,218770.0,Medium
212169,1924,1113,798.0,13.0,811.0,Small
212354,21439,2674,607.0,5849.0,6456.0,Small
213947,6603,2250,499.0,1304.0,1803.0,Small
215836,1032118,327877,45225.0,316172.0,361397.0,Large
216220,226452,72373,9722.0,40903.0,50625.0,Medium
218010,4262,1377,258.0,710.0,968.0,Small
218279,19046,2736,505.0,7364.0,7869.0,Small
219114,19196,4326,463.0,5540.0,6003.0,Small
219797,4953,1536,204.0,977.0,1181.0,Small
220475,72588,5468,827.0,38599.0,39426.0,Small
221605,88088,25023,4997.0,9537.0,14534.0,Medium
221914,29354,1590,506.0,15280.0,15786.0,Small
222053,22382,4803,1189.0,6499.0,7688.0,Small
224690,63450,27592,3513.0,5001.0,8514.0,Medium
226167,3373,1052,228.0,763.0,991.0,Small
226250,294250,101598,14619.0,66115.0,80734.0,Medium
226492,23439,4664,828.0,7247.0,8075.0,Small
227440,30180,3762,968.0,13830.0,14798.0,Small
228893,4465,4369,96.0,0.0,96.0,Small
229592,16420,3278,427.0,5498.0,5925.0,Small
230420,7040,2448,446.0,786.0,1232.0,Small
231110,23833,5497,1109.0,6042.0,7151.0,Small
231140,18010,2963,919.0,7907.0,8826.0,Small
231960,8899,1437,191.0,2336.0,2527.0,Small
233847,31096,8421,1573.0,11550.0,13123.0,Small
234106,320356,50281,8894.0,77783.0,86677.0,Medium
236105,4535,1064,193.0,936.0,1129.0,Small
236198,4886,1189,251.0,1144.0,1395.0,Small
236400,10207,2096,414.0,3184.0,3598.0,Small
237353,5030,1686,291.0,787.0,1078.0,Small
238525,7303,1186,205.0,4080.0,4285.0,Small
239088,14432,4019,423.0,4340.0,4763.0,Small
239408,10664,1243,0.0,3481.0,3481.0,Small
241661,10100,2148,431.0,2325.0,2756.0,Small
244064,6384,1571,315.0,1571.0,1886.0,Small
244211,102533,16327,4224.0,33203.0,37427.0,Medium
246102,5482,2259,343.0,2458.0,2801.0,Small
247444,10532,1961,219.0,1552.0,1771.0,Small
247714,10863,2134,212.0,6303.0,6515.0,Small
248512,61540,14090,2714.0,18741.0,21455.0,Medium
248762,5514,1421,221.0,1474.0,1695.0,Small
248876,16316,2684,284.0,4686.0,4970.0,Small
249743,37315,10301,1741.0,5690.0,7431.0,Medium
250740,14643,4291,487.0,3457.0,3944.0,Small
253015,9296,1799,457.0,3607.0,4064.0,Small
253678,44215,11548,2225.0,7586.0,9811.0,Medium
255704,20076,1090,6277.0,9202.0,15479.0,Small
256304,22145,5529,777.0,5349.0,6126.0,Small
256717,30766,6725,1181.0,8215.0,9396.0,Small
257959,6867,1214,412.0,2281.0,2693.0,Small
258831,6815,1865,392.0,1492.0,1884.0,Small
259195,211229,29781,7349.0,72969.0,80318.0,Medium
259662,10675,2330,590.0,3885.0,4475.0,Small
261165,3958,1167,172.0,866.0,1038.0,Small
261943,581836,164152,29360.0,137040.0,166400.0,Medium
262253,3525,1789,268.0,151.0,419.0,Small
262597,12632,6034,578.0,3934.0,4512.0,Small
262774,43288,8013,1912.0,15011.0,16923.0,Small
263278,5509,1726,462.0,1661.0,2123.0,Small
265348,4266,1123,170.0,902.0,1072.0,Small
265854,9175,1745,271.0,4204.0,4475.0,Small
265982,19862,2511,427.0,9001.0,9428.0,Small
266431,8101,2022,315.0,2511.0,2826.0,Small
268573,31521,7319,1104.0,7379.0,8483.0,Small
268720,24250,1362,656.0,10252.0,10908.0,Small
268956,6627,1578,107.0,862.0,969.0,Small
269264,5018,1388,268.0,738.0,1006.0,Small
269782,50882,8269,917.0,16370.0,17287.0,Small
271386,58243,19533,3602.0,11443.0,15045.0,Medium
272862,8153,2098,367.0,1760.0,2127.0,Small
274076,146187,81326,3281.0,325.0,3606.0,Medium
274367,9000,2376,10.0,2660.0,2670.0,Small
274639,4335,1529,646.0,2146.0,2792.0,Small
274709,18331,4431,912.0,4099.0,5011.0,Small
274950,6224,2368,723.0,3053.0,3776.0,Small
275242,1260888,232684,31398.0,462492.0,493890.0,Large
276210,25849,6572,1167.0,8934.0,10101.0,Small
278049,9564,2711,608.0,3140.0,3748.0,Small
278428,3526,1564,247.0,85.0,332.0,Small
279237,11181,2193,425.0,3902.0,4327.0,Small
279814,8798,1449,340.0,3122.0,3462.0,Small
280243,8255,3457,343.0,1933.0,2276.0,Small
281391,31163,26685,2444.0,807.0,3251.0,Medium
281486,3049,1266,177.0,352.0,529.0,Small
281659,2176,1254,25.0,36.0,61.0,Small
282854,5989,2077,420.0,256.0,676.0,Small
284087,27724,6201,1207.0,7455.0,8662.0,Small
284276,10558,1293,272.0,4758.0,5030.0,Small
285459,49700,13175,2494.0,6522.0,9016.0,Medium
285591,1358703,251320,58879.0,397953.0,456832.0,Large
285685,4020,1128,254.0,619.0,873.0,Small
287017,68914,15199,2158.0,22246.0,24404.0,Medium
288241,15375,2289,378.0,6659.0,7037.0,Small
289215,3858,1410,159.0,764.0,923.0,Small
291584,2763,1056,34.0,330.0,364.0,Small
291647,43304,22277,973.0,2841.0,3814.0,Medium
292545,8076,2204,480.0,1185.0,1665.0,Small
292640,23350,3372,177.0,5626.0,5803.0,Small
294213,8806,1997,215.0,3115.0,3330.0,Small
295997,17468,5606,1219.0,6172.0,7391.0,Small
296519,7670,2651,52.0,1262.0,1314.0,Small
297146,33945,7644,1347.0,9681.0,11028.0,Small
298042,17785,3205,808.0,4637.0,5445.0,Small
298252,7464,1138,137.0,2874.0,3011.0,Small
298506,126988,21599,3476.0,52637.0,56113.0,Medium
299235,6962,1493,277.0,1665.0,1942.0,Small
299271,5945,2328,401.0,742.0,1143.0,Small
300385,4816,1302,242.0,1088.0,1330.0,Small
300524,1061727,291564,44140.0,275576.0,319716.0,Large
300970,24463,4793,1225.0,7693.0,8918.0,Small
301401,5850,1719,424.0,1399.0,1823.0,Small
302006,3818,1677,213.0,446.0,659.0,Small
302174,27762,7019,425.0,7752.0,8177.0,Small
302918,6810,1369,274.0,2130.0,2404.0,Small
304028,6510,2063,378.0,1221.0,1599.0,Small
304206,7122,1282,334.0,1700.0,2034.0,Small
304715,33252,5063,1256.0,11368.0,12624.0,Small
305364,11625,2619,516.0,3093.0,3609.0,Small
305912,49752,10258,946.0,7588.0,8534.0,Medium
306021,9649,1692,443.0,2445.0,2888.0,Small
307244,9630,2775,556.0,2019.0,2575.0,Small
308228,29644,9062,1541.0,5416.0,6957.0,Small
308930,44471,12237,2624.0,11108.0,13732.0,Medium
310089,9214,1701,22.0,2915.0,2937.0,Small
310159,17092,4797,220.0,4163.0,4383.0,Small
311065,35790,12194,2095.0,4333.0,6428.0,Medium
311781,15762,1118,924.0,7182.0,8106.0,Small
312033,5742,1267,269.0,1652.0,1921.0,Small
313042,6069,1451,0.0,0.0,0.0,Small
315742,16346,3214,738.0,7949.0,8687.0,Small
317325,3883,1160,305.0,1319.0,1624.0,Small
317344,60132,19724,3694.0,21532.0,25226.0,Medium
319000,8369,1181,235.0,2668.0,2903.0,Small
319103,4830,1140,284.0,1380.0,1664.0,Small
321504,306833,84347,19052.0,55896.0,74948.0,Medium
321548,20390,4831,333.0,8107.0,8440.0,Small
322070,13350,2591,473.0,5386.0,5859.0,Small
322111,56700,14292,2379.0,12794.0,15173.0,Medium
322643,24124,3750,1281.0,14828.0,16109.0,Small
323757,6059,2429,315.0,456.0,771.0,Small
325697,31567,5155,1858.0,12287.0,14145.0,Small
326191,36845,14362,366.0,4946.0,5312.0,Medium
327083,26757,8682,770.0,5974.0,6744.0,Small
327589,7627,1995,539.0,2021.0,2560.0,Small
328820,106013,21792,5105.0,47878.0,52983.0,Medium
329285,4651,1449,262.0,742.0,1004.0,Small
330092,65217,15748,3978.0,16326.0,20304.0,Medium
330188,6145,1634,215.0,1401.0,1616.0,Small
330752,6658,1467,931.0,1228.0,2159.0,Small
331166,3960,1010,46.0,909.0,955.0,Small
332301,23875,5809,764.0,4799.0,5563.0,Small
334585,74585,13054,6853.0,18500.0,25353.0,Medium
334809,13211,8606,42.0,0.0,42.0,Small
335365,3789,1034,82.0,928.0,1010.0,Small
335977,4218,1767,75.0,863.0,938.0,Small
336112,25046,8314,1655.0,1084.0,2739.0,Small
336957,10251,3334,612.0,1854.0,2466.0,Small
337315,21384,2975,118.0,7375.0,7493.0,Small
338088,7192,2135,735.0,3833.0,4568.0,Small
338159,14456,4238,705.0,2914.0,3619.0,Small
340522,35098,7218,734.0,12771.0,13505.0,Small
341137,465135,89228,24725.0,240725.0,265450.0,Medium
342831,9285,2557,524.0,1926.0,2450.0,Small
343799,86868,15144,3697.0,29291.0,32988.0,Medium
343869,7203,1735,318.0,1658.0,1976.0,Small
344016,9105,3061,560.0,834.0,1394.0,Small
345956,19022,1894,387.0,10502.0,10889.0,Small
346874,10205,2974,537.0,2521.0,3058.0,Small
347198,8486,1274,287.0,3076.0,3363.0,Small
348172,4417,1117,221.0,1668.0,1889.0,Small
348298,35517,3172,972.0,17292.0,18264.0,Small
348364,6484,1594,298.0,1633.0,1931.0,Small
351393,3969,1167,36.0,446.0,482.0,Small
352841,100235,22230,4457.0,28590.0,33047.0,Medium
354288,6056,1616,121.0,2144.0,2265.0,Small
355865,6688,1366,219.0,2585.0,2804.0,Small
355983,13848,2538,94.0,3849.0,3943.0,Small
356029,8776,1093,303.0,3446.0,3749.0,Small
356347,18626,3372,757.0,6993.0,7750.0,Small
356376,6140,1832,166.0,1567.0,1733.0,Small
356557,3396,2956,24.0,31.0,55.0,Small
357115,194890,59269,5240.0,38307.0,43547.0,Medium
357156,14448,2790,1323.0,4501.0,5824.0,Small
357536,7686,2751,546.0,1734.0,2280.0,Small
358330,16171,2745,268.0,3546.0,3814.0,Small
359427,194920,4331,2518.0,65728.0,68246.0,Small
360779,4336,1337,221.0,1708.0,1929.0,Small
361580,4081,1309,155.0,1093.0,1248.0,Small
361767,4425,1150,220.0,1071.0,1291.0,Small
362024,20577,4769,1221.0,3997.0,5218.0,Small
362593,2522,1381,295.0,53.0,348.0,Small
362752,6638,1367,281.0,2014.0,2295.0,Small
363105,67223,8417,3425.0,30023.0,33448.0,Small
364211,36408,5817,677.0,9510.0,10187.0,Small
364772,31532,1413,1913.0,22008.0,23921.0,Small
365454,25685356,6547370,1185769.0,6478894.0,7664663.0,Enterprise
367292,8193,1709,321.0,3013.0,3334.0,Small
367606,5601,1813,349.0,980.0,1329.0,Small
368165,3226,1251,106.0,869.0,975.0,Small
370402,14111,2634,444.0,4070.0,4514.0,Small
370713,55253,13016,2944.0,22901.0,25845.0,Medium
370741,6224,2008,215.0,2141.0,2356.0,Small
371183,46713,10039,822.0,12874.0,13696.0,Medium
372807,3038,1821,109.0,482.0,591.0,Small
373323,12513,2012,661.0,4169.0,4830.0,Small
376400,15268,4148,714.0,4832.0,5546.0,Small
376571,12545,1738,250.0,5325.0,5575.0,Small
376825,80263,23067,4065.0,17901.0,21966.0,Medium
377138,148538,13388,2809.0,71904.0,74713.0,Medium
377975,32480,5711,1421.0,10363.0,11784.0,Small
378046,195629,37224,6786.0,66073.0,72859.0,Medium
378111,1157,1149,8.0,0.0,8.0,Small
378180,5215,2507,232.0,458.0,690.0,Small
379351,8390,2700,571.0,1244.0,1815.0,Small
380778,13406,2959,458.0,3827.0,4285.0,Small
381148,8899,2100,254.0,1989.0,2243.0,Small
382014,11028,1896,299.0,3603.0,3902.0,Small
382046,9199,1741,266.0,3415.0,3681.0,Small
383269,5433,1135,137.0,1288.0,1425.0,Small
383360,146729,43543,5511.0,42534.0,48045.0,Medium
384153,8561,1136,266.0,3644.0,3910.0,Small
385157,17671,6483,908.0,5710.0,6618.0,Small
386483,52561,11112,1987.0,14856.0,16843.0,Medium
387617,7476,1890,407.0,1071.0,1478.0,Small
387964,7688,1915,230.0,1125.0,1355.0,Small
388680,4639,1415,124.0,1116.0,1240.0,Small
389562,10581,2653,532.0,3116.0,3648.0,Small
391182,10338,2877,510.0,2455.0,2965.0,Small
394658,24740,6098,858.0,9412.0,10270.0,Small
395128,7078,2731,112.0,84.0,196.0,Small
395268,17871,2758,502.0,7039.0,7541.0,Small
395393,28297,8669,1436.0,4734.0,6170.0,Small
395545,6294,1000,274.0,1436.0,1710.0,Small
396334,2092,1181,222.0,254.0,476.0,Small
396666,157060,16631,2932.0,67540.0,70472.0,Medium
397317,10370,2385,508.0,2852.0,3360.0,Small
398217,32309,7032,1067.0,12129.0,13196.0,Small
399309,20022,3878,1112.0,6918.0,8030.0,Small
399481,7634,2736,210.0,1531.0,1741.0,Small
406044,36332,9089,1672.0,8873.0,10545.0,Small
406526,24464,6603,179.0,4469.0,4648.0,Small
407748,5351,4215,0.0,371.0,371.0,Small
407849,5986,1873,262.0,911.0,1173.0,Small
409165,14312,3381,644.0,3814.0,4458.0,Small
409987,80813,18632,18151.0,13415.0,31566.0,Medium
410803,12547,3218,756.0,2815.0,3571.0,Small
410920,6544,1857,162.0,1903.0,2065.0,Small
411277,7666,1988,289.0,1437.0,1726.0,Small
412102,30061,7662,880.0,5016.0,5896.0,Small
413260,12742,4882,984.0,1591.0,2575.0,Small
416234,6850,1319,497.0,2648.0,3145.0,Small
417992,788995,210426,34450.0,232794.0,267244.0,Large
418060,33432,8434,982.0,9654.0,10636.0,Small
418121,17492,5067,794.0,4970.0,5764.0,Small
418746,79029,18570,3871.0,25784.0,29655.0,Medium
418906,3301,1517,242.0,195.0,437.0,Small
419333,4775,1452,173.0,1042.0,1215.0,Small
419370,6763,2841,449.0,263.0,712.0,Small
419689,6558,1896,456.0,1239.0,1695.0,Small
419963,20329,5283,1317.0,5405.0,6722.0,Small
420685,40427,22712,5100.0,7338.0,12438.0,Medium
420933,11684,3873,250.0,503.0,753.0,Small
421202,10276,2220,323.0,5242.0,5565.0,Small
422981,19482,5615,1416.0,3304.0,4720.0,Small
425631,8364,2900,457.0,1633.0,2090.0,Small
425741,10413,2832,389.0,3086.0,3475.0,Small
426295,14181,3643,1394.0,2588.0,3982.0,Small
426378,19562,9783,1192.0,1179.0,2371.0,Small
426551,23061,2979,1186.0,7097.0,8283.0,Small
427576,6476,1452,249.0,1702.0,1951.0,Small
429304,5161,1182,258.0,1130.0,1388.0,Small
430465,22128,5045,649.0,6471.0,7120.0,Small
431059,9494,2890,518.0,2433.0,2951.0,Small
431203,39749,8728,2015.0,10132.0,12147.0,Small
431901,31957,6333,1199.0,9745.0,10944.0,Small
432570,29189,11650,2157.0,1978.0,4135.0,Medium
432626,9131,2901,422.0,880.0,1302.0,Small
433797,7408,1338,9.0,1949.0,1958.0,Small
434228,10374,1402,453.0,4997.0,5450.0,Small
434795,7167,2338,111.0,2235.0,2346.0,Small
435532,26292,6028,1031.0,8222.0,9253.0,Small
436279,76622,22186,4829.0,32716.0,37545.0,Medium
436705,484471,88218,11035.0,146321.0,157356.0,Medium
437883,32834,12178,1950.0,9536.0,11486.0,Medium
439321,18128,8411,987.0,3268.0,4255.0,Small
439845,31252,2706,877.0,10283.0,11160.0,Small
442901,6521,2160,0.0,0.0,0.0,Small
443093,3528,1587,250.0,199.0,449.0,Small
444323,32553,4677,1901.0,13868.0,15769.0,Small
444342,227922,57801,6422.0,54163.0,60585.0,Medium
445165,27292,6348,1074.0,8367.0,9441.0,Small
445427,2265,1353,72.0,253.0,325.0,Small
446598,5398,1548,278.0,1002.0,1280.0,Small
448358,1421628,338125,58070.0,266753.0,324823.0,Large
449447,37336,13424,2062.0,4216.0,6278.0,Medium
450448,3860,1069,111.0,401.0,512.0,Small
450665,6497,1506,101.0,1937.0,2038.0,Small
450909,5767,1981,617.0,743.0,1360.0,Small
451525,7134,2806,443.0,1503.0,1946.0,Small
453425,13226,3329,719.0,3318.0,4037.0,Small
454189,1777,1196,109.0,357.0,466.0,Small
455776,4844,2263,386.0,574.0,960.0,Small
456064,11001,3534,586.0,2729.0,3315.0,Small
456397,97741,10944,3201.0,63976.0,67177.0,Medium
458751,8359,1095,236.0,2769.0,3005.0,Small
458995,119445,43651,4631.0,23207.0,27838.0,Medium
460196,4118,1081,151.0,1105.0,1256.0,Small
463435,197836,61306,11998.0,35196.0,47194.0,Medium
463439,8826,3061,1.0,2070.0,2071.0,Small
463506,5457,1158,140.0,1406.0,1546.0,Small
464323,10106,1414,589.0,4525.0,5114.0,Small
465284,2109,1082,44.0,13.0,57.0,Small
465717,7407,1620,301.0,2200.0,2501.0,Small
467168,4889,1444,237.0,1755.0,1992.0,Small
467379,11669,1802,683.0,4159.0,4842.0,Small
468387,36801,3041,519.0,3933.0,4452.0,Small
468740,12198,2339,442.0,4058.0,4500.0,Small
470388,37412,6446,1585.0,26530.0,28115.0,Small
471772,9802,2884,363.0,1673.0,2036.0,Small
471779,17825,3325,31.0,4508.0,4539.0,Small
471990,20088,7838,778.0,3291.0,4069.0,Small
473686,11388,2616,460.0,2946.0,3406.0,Small
473880,4446,1219,255.0,926.0,1181.0,Small
475022,6069,1775,892.0,2669.0,3561.0,Small
477680,5145,1655,414.0,1081.0,1495.0,Small
479642,10374,2142,737.0,3884.0,4621.0,Small
480592,1432,1432,0.0,0.0,0.0,Small
480726,9274,4677,316.0,40.0,356.0,Small
480958,11048,3513,511.0,1744.0,2255.0,Small
481481,7636,2116,365.0,2256.0,2621.0,Small
481611,20889,5308,936.0,5932.0,6868.0,Small
481725,35706,13820,2389.0,6964.0,9353.0,Medium
482514,37446,7280,1555.0,15291.0,16846.0,Small
482721,48870,15364,2499.0,6472.0,8971.0,Medium
482908,10316,3280,596.0,2112.0,2708.0,Small
484348,7480,1941,459.0,1645.0,2104.0,Small
486606,22766,8389,909.0,4327.0,5236.0,Small
486959,15356,5384,1777.0,443.0,2220.0,Small
487526,75642,9883,2057.0,28797.0,30854.0,Small
488282,31546,5494,1391.0,10706.0,12097.0,Small
488451,3809,1209,116.0,244.0,360.0,Small
489265,39044,3068,858.0,13407.0,14265.0,Small
489866,6240,2473,633.0,698.0,1331.0,Small
489912,31976,14032,2980.0,1547.0,4527.0,Medium
490002,107593,26883,5629.0,22300.0,27929.0,Medium
493749,5670,1579,320.0,985.0,1305.0,Small
493829,6514,2086,326.0,1523.0,1849.0,Small
494081,49717,17137,2149.0,11691.0,13840.0,Medium
495033,20301,5337,884.0,4937.0,5821.0,Small
495220,40832,12931,2009.0,5885.0,7894.0,Medium
495303,21872,7343,1690.0,2520.0,4210.0,Small
496278,120503,1829,587.0,46905.0,47492.0,Small
496986,133345,39479,6740.0,29694.0,36434.0,Medium
498630,4978,1538,249.0,1739.0,1988.0,Small
499874,18451,4593,902.0,5101.0,6003.0,Small
502005,2593,1005,120.0,290.0,410.0,Small
502445,99753,32782,5667.0,15815.0,21482.0,Medium
503898,3246,1074,238.0,1395.0,1633.0,Small
504707,93512,29161,5420.0,11112.0,16532.0,Medium
504999,30944,4063,1044.0,11938.0,12982.0,Small
505975,39749,8160,1275.0,15322.0,16597.0,Small
506621,38869,8312,1299.0,13598.0,14897.0,Small
507099,19309,4057,684.0,4254.0,4938.0,Small
508121,48606,14038,3623.0,17959.0,21582.0,Medium
510281,548512,119911,22164.0,140834.0,162998.0,Medium
511410,9510,2550,520.0,2446.0,2966.0,Small
512018,3113,1177,223.0,201.0,424.0,Small
513101,9049,2858,495.0,1761.0,2256.0,Small
514529,3572,1168,171.0,1380.0,1551.0,Small
516323,19007,4344,1101.0,4957.0,6058.0,Small
516347,32199,6683,1804.0,13889.0,15693.0,Small
516356,17301,5476,4652.0,3551.0,8203.0,Small
516441,5479,1315,165.0,1687.0,1852.0,Small
516564,5547,1346,317.0,1488.0,1805.0,Small
516720,45665,8670,1922.0,11577.0,13499.0,Small
518132,42467,1487,159.0,6220.0,6379.0,Small
519571,19248,5702,648.0,4193.0,4841.0,Small
520756,8290,2108,453.0,1719.0,2172.0,Small
521585,23089,4153,1078.0,7208.0,8286.0,Small
523748,32143,7609,1019.0,9095.0,10114.0,Small
523944,748699,128733,30505.0,256034.0,286539.0,Medium
524698,20813,5255,603.0,3683.0,4286.0,Small
525246,3550,1294,133.0,491.0,624.0,Small
526361,10554,2616,374.0,2759.0,3133.0,Small
526683,18910,6200,1215.0,2852.0,4067.0,Small
526822,495134,111758,18697.0,182031.0,200728.0,Medium
527429,6603,1328,246.0,2297.0,2543.0,Small
529707,2728,1401,176.0,539.0,715.0,Small
530757,8832,2021,326.0,2489.0,2815.0,Small
531156,11168,1415,349.0,4553.0,4902.0,Small
532970,65155,22793,2944.0,16519.0,19463.0,Medium
533043,8367,2383,295.0,1891.0,2186.0,Small
533066,724276,197635,34981.0,149785.0,184766.0,Medium
533584,20803,5984,1296.0,4597.0,5893.0,Small
535281,1107005,272616,48431.0,217336.0,265767.0,Large
536593,9053,2990,522.0,1585.0,2107.0,Small
537177,285767,92861,15381.0,81758.0,97139.0,Medium
537682,86147,18536,2632.0,35584.0,38216.0,Medium
538373,6027,1522,258.0,1202.0,1460.0,Small
539019,3964,1481,293.0,1088.0,1381.0,Small
543674,14730,3212,616.0,4873.0,5489.0,Small
543754,6835,1574,370.0,2575.0,2945.0,Small
544086,53818,11587,1060.0,22931.0,23991.0,Medium
544530,11312,4351,508.0,1107.0,1615.0,Small
545155,11458,1982,522.0,3661.0,4183.0,Small
545859,3962,1144,217.0,1101.0,1318.0,Small
546233,41473,14636,1615.0,5646.0,7261.0,Medium
549673,18902,5421,61.0,4758.0,4819.0,Small
549830,38351,16521,3093.0,252.0,3345.0,Medium
549892,1789823,809918,51220.0,481648.0,532868.0,Enterprise
551161,3471,1001,282.0,1267.0,1549.0,Small
551230,56312,13137,2907.0,18983.0,21890.0,Medium
551760,4221,1392,164.0,708.0,872.0,Small
552593,9563,2136,368.0,4547.0,4915.0,Small
552999,4825,1088,183.0,1425.0,1608.0,Small
553239,138583,22504,3579.0,9369.0,12948.0,Medium
555123,47466,9089,1204.0,14914.0,16118.0,Small
555322,61306,12910,2040.0,21672.0,23712.0,Medium
555495,1806,1250,511.0,2.0,513.0,Small
555892,18216,2506,465.0,3834.0,4299.0,Small
557297,15935,2167,301.0,8830.0,9131.0,Small
559966,12822,3274,672.0,2791.0,3463.0,Small
561536,6289,3870,69.0,237.0,306.0,Small
561589,97262,23227,4811.0,21370.0,26181.0,Medium
563657,15783,2088,433.0,6844.0,7277.0,Small
565696,10529,2930,150.0,1979.0,2129.0,Small
565807,11580,2346,450.0,3412.0,3862.0,Small
565885,3926,1151,163.0,641.0,804.0,Small
565950,68681,18649,3642.0,15659.0,19301.0,Medium
565982,4341,1041,261.0,1252.0,1513.0,Small
566097,26625,6839,588.0,8883.0,9471.0,Small
567893,25688,8908,1727.0,3083.0,4810.0,Small
567933,12398,2470,376.0,1899.0,2275.0,Small
568233,5760,1413,244.0,1916.0,2160.0,Small
568922,7894,1191,160.0,2729.0,2889.0,Small
569642,28161,6929,1313.0,6409.0,7722.0,Small
571037,64871,12598,1906.0,23681.0,25587.0,Medium
572558,28695,4400,1115.0,8493.0,9608.0,Small
572560,133372,45773,10291.0,47169.0,57460.0,Medium
577746,13363,3229,286.0,3224.0,3510.0,Small
578432,32803,5079,1189.0,12086.0,13275.0,Small
579212,15675,3629,1869.0,3700.0,5569.0,Small
580673,383788,102886,18927.0,83285.0,102212.0,Medium
582628,29088,7979,1440.0,6072.0,7512.0,Small
583747,35150,3702,350.0,16073.0,16423.0,Small
583835,10497,3227,730.0,1487.0,2217.0,Small
584336,283089,39073,3766.0,148819.0,152585.0,Medium
585409,30904,9694,1828.0,8640.0,10468.0,Small
585461,50051,13655,3868.0,14493.0,18361.0,Medium
585528,14105,3054,630.0,4481.0,5111.0,Small
586917,426533,103430,16933.0,106240.0,123173.0,Medium
588172,11129,3226,623.0,2330.0,2953.0,Small
588881,10074,1993,479.0,3831.0,4310.0,Small
589713,8749,2725,350.0,1282.0,1632.0,Small
591737,15446,3902,412.0,4505.0,4917.0,Small
594731,43129,11960,1572.0,12229.0,13801.0,Medium
595335,36635,7947,1291.0,11231.0,12522.0,Small
595926,40341,9988,4514.0,16090.0,20604.0,Small
596399,4459,1291,155.0,1011.0,1166.0,Small
596623,30522,10519,1918.0,9955.0,11873.0,Medium
596868,175139,43005,7021.0,61914.0,68935.0,Medium
597057,16058,3848,784.0,3744.0,4528.0,Small
599784,11548,2236,178.0,2415.0,2593.0,Small
600731,8445,2606,475.0,1308.0,1783.0,Small
601436,5836,1478,274.0,1754.0,2028.0,Small
604097,7990,1129,15.0,3969.0,3984.0,Small
605801,18393,3365,641.0,6998.0,7639.0,Small
606441,7828,1322,156.0,3131.0,3287.0,Small
606780,7828,1699,313.0,2068.0,2381.0,Small
607210,7234,2058,506.0,1372.0,1878.0,Small
607252,5775,1756,206.0,1399.0,1605.0,Small
607647,4007,1054,107.0,753.0,860.0,Small
607793,3069,1008,229.0,560.0,789.0,Small
608276,34090,1862,700.0,16195.0,16895.0,Small
608500,179021,18937,2846.0,66984.0,69830.0,Medium
608546,10803,3493,483.0,1827.0,2310.0,Small
609152,28485,6146,898.0,9012.0,9910.0,Small
610356,8874,2027,444.0,2416.0,2860.0,Small
612478,7176,1247,498.0,2162.0,2660.0,Small
612542,122964,29789,1902.0,38782.0,40684.0,Medium
613286,20162,5215,972.0,4658.0,5630.0,Small
613325,2422,1090,258.0,24.0,282.0,Small
614946,5816,1035,166.0,1973.0,2139.0,Small
616880,232496,39302,12258.0,70507.0,82765.0,Medium
617120,44089,10175,1032.0,13200.0,14232.0,Medium
617439,2681605,435288,63077.0,802356.0,865433.0,Large
618317,27567,4676,516.0,10451.0,10967.0,Small
618759,12774,2939,880.0,3432.0,4312.0,Small
620159,7899,2331,391.0,1539.0,1930.0,Small
620684,6162,1612,474.0,3396.0,3870.0,Small
623462,53852,1058,1484.0,31110.0,32594.0,Small
623642,5062,1234,291.0,937.0,1228.0,Small
624498,5918,1035,166.0,2230.0,2396.0,Small
625311,3122,1106,123.0,940.0,1063.0,Small
627447,32739,9959,2240.0,2470.0,4710.0,Small
627618,11415,3569,287.0,2813.0,3100.0,Small
628471,5646,1570,133.0,2944.0,3077.0,Small
630442,209996,44093,7681.0,45319.0,53000.0,Medium
631279,9335,1365,282.0,2480.0,2762.0,Small
632516,14051,2896,436.0,3635.0,4071.0,Small
632544,12108,3250,638.0,2596.0,3234.0,Small
633761,42510,10763,4819.0,5690.0,10509.0,Medium
634068,7479,2770,431.0,1189.0,1620.0,Small
635000,40712,9162,1738.0,10121.0,11859.0,Small
635789,32824,6217,1280.0,11289.0,12569.0,Small
636159,2640,1026,193.0,1014.0,1207.0,Small
636552,11636,2099,351.0,4881.0,5232.0,Small
636837,6486,1827,754.0,2311.0,3065.0,Small
636976,13179,2058,277.0,1460.0,1737.0,Small
637874,7033,1535,205.0,1417.0,1622.0,Small
638816,5923,1686,469.0,1304.0,1773.0,Small
641216,6975,3294,36.0,0.0,36.0,Small
641781,4792,1174,205.0,955.0,1160.0,Small
642426,4280,1014,67.0,1456.0,1523.0,Small
642870,5510,1136,187.0,1705.0,1892.0,Small
644496,22277,2846,297.0,9889.0,10186.0,Small
644564,9047,3447,269.0,1076.0,1345.0,Small
646845,5000,1834,497.0,529.0,1026.0,Small
647923,19392,6194,224.0,1150.0,1374.0,Small
648024,7168,3620,347.0,53.0,400.0,Small
648468,40756,8542,1180.0,15864.0,17044.0,Small
650813,26463,1428,434.0,5564.0,5998.0,Small
650817,797108,202699,45654.0,152407.0,198061.0,Large
652688,19140,2460,527.0,8090.0,8617.0,Small
654149,5139,1560,350.0,737.0,1087.0,Small
655237,6167,1428,212.0,1796.0,2008.0,Small
656159,5217,1146,229.0,1147.0,1376.0,Small
657359,31990,8352,2219.0,9036.0,11255.0,Small
657995,7517,2097,312.0,1600.0,1912.0,Small
658553,140476,42393,4298.0,19080.0,23378.0,Medium
658595,25433,6179,1277.0,6303.0,7580.0,Small
659248,4836,1272,229.0,1061.0,1290.0,Small
659632,11390,2730,366.0,4070.0,4436.0,Small
660851,6623,1467,258.0,1255.0,1513.0,Small
660863,35363,7835,1155.0,11080.0,12235.0,Small
661158,5157,1300,147.0,1843.0,1990.0,Small
670641,4911,1329,15.0,1626.0,1641.0,Small
672075,16592,3870,664.0,4957.0,5621.0,Small
672833,18740,3954,689.0,5886.0,6575.0,Small
675167,74483,16617,2886.0,26028.0,28914.0,Medium
676584,18148,7052,147.0,1955.0,2102.0,Small
678870,2799,1061,142.0,281.0,423.0,Small
679097,10073,3319,336.0,1584.0,1920.0,Small
681318,17610,2947,373.0,7083.0,7456.0,Small
683214,10228,2694,482.0,2313.0,2795.0,Small
683620,12816,4374,608.0,1196.0,1804.0,Small
684927,92409,17102,3640.0,33576.0,37216.0,Medium
684937,4510,1346,331.0,1127.0,1458.0,Small
687392,13100,2971,410.0,2455.0,2865.0,Small
688283,30582,6983,1077.0,9356.0,10433.0,Small
688778,7469,1974,375.0,1825.0,2200.0,Small
689246,6121,1517,0.0,0.0,0.0,Small
689482,4995,1003,172.0,2212.0,2384.0,Small
690107,62409,10014,1253.0,15694.0,16947.0,Medium
690888,29934,8755,1669.0,8013.0,9682.0,Small
691234,10722,1764,407.0,3735.0,4142.0,Small
694144,21065,4775,401.0,4198.0,4599.0,Small
696325,5883,1401,306.0,1638.0,1944.0,Small
696897,4060,1012,211.0,900.0,1111.0,Small
697445,28711,5061,808.0,6671.0,7479.0,Small
699231,17698,4010,672.0,4843.0,5515.0,Small
700956,3081,1090,0.0,0.0,0.0,Small
702005,45632,11355,1654.0,13422.0,15076.0,Medium
703807,41860,6488,1179.0,13341.0,14520.0,Small
703858,6449,1838,365.0,1872.0,2237.0,Small
704306,34693,8103,880.0,10090.0,10970.0,Small
704595,80833,17312,2975.0,26359.0,29334.0,Medium
705042,2857,1145,0.0,0.0,0.0,Small
707727,15106,1582,161.0,1188.0,1349.0,Small
707765,26147,4985,4137.0,1277.0,5414.0,Small
707811,28031,6359,1117.0,8548.0,9665.0,Small
707974,31204,2429,971.0,18848.0,19819.0,Small
708575,2582,1182,187.0,51.0,238.0,Small
708679,31567,6183,1126.0,12923.0,14049.0,Small
708836,3991930,866149,163936.0,1326484.0,1490420.0,Enterprise
709440,13028,1387,619.0,5528.0,6147.0,Small
710932,6150,1588,224.0,1022.0,1246.0,Small
711318,15861,4453,708.0,4399.0,5107.0,Small
711956,15514,2812,528.0,5927.0,6455.0,Small
712132,7435,2094,365.0,1152.0,1517.0,Small
712381,3454,1399,582.0,506.0,1088.0,Small
715488,4760,1148,197.0,1249.0,1446.0,Small
716949,4707,1395,281.0,849.0,1130.0,Small
716972,9430,3122,245.0,2450.0,2695.0,Small
718117,25888,4425,2361.0,9031.0,11392.0,Small
718262,15900,3999,1266.0,5433.0,6699.0,Small
719079,32690,9583,2018.0,11550.0,13568.0,Small
719389,8147,2313,880.0,4109.0,4989.0,Small
719751,6583,1930,184.0,2015.0,2199.0,Small
720383,688746,115974,22605.0,344457.0,367062.0,Medium
720407,22423,2837,664.0,9913.0,10577.0,Small
722327,22559,6233,1101.0,5318.0,6419.0,Small
723017,9533,1620,315.0,3369.0,3684.0,Small
723278,8370,1995,263.0,2099.0,2362.0,Small
723471,3677,1216,130.0,738.0,868.0,Small
726326,6512,2488,728.0,1139.0,1867.0,Small
727562,10558,3011,1.0,0.0,1.0,Small
730256,22428,5031,770.0,5008.0,5778.0,Small
730973,16479,5076,1224.0,4493.0,5717.0,Small
731530,13709,2564,392.0,3711.0,4103.0,Small
732454,3931,1148,210.0,1099.0,1309.0,Small
732537,4803,1233,210.0,1187.0,1397.0,Small
733944,21368,5543,1101.0,4413.0,5514.0,Small
734169,44233,8941,0.0,12266.0,12266.0,Small
735352,4016,1083,123.0,579.0,702.0,Small
737062,12411,3579,511.0,3014.0,3525.0,Small
739672,8890,3356,725.0,1514.0,2239.0,Small
739686,11749,4328,201.0,0.0,201.0,Small
741676,6166,1588,270.0,1145.0,1415.0,Small
741971,7409,1416,291.0,3353.0,3644.0,Small
742396,15254,2019,3404.0,5227.0,8631.0,Small
742681,6500,2088,414.0,1481.0,1895.0,Small
742791,14240664,3892434,558733.0,3987438.0,4546171.0,Enterprise
743296,19328,5321,851.0,3501.0,4352.0,Small
745580,8223,2203,431.0,2375.0,2806.0,Small
745947,9504,3401,398.0,956.0,1354.0,Small
747282,15698,3320,770.0,4770.0,5540.0,Small
747525,17945,3163,292.0,2273.0,2565.0,Small
748266,671300,132233,17250.0,231571.0,248821.0,Medium
749105,39788,9536,1864.0,9830.0,11694.0,Small
749268,5545,1402,325.0,1314.0,1639.0,Small
749983,8163,1376,0.0,0.0,0.0,Small
751109,3119,1289,658.0,9.0,667.0,Small
751647,11255,2172,758.0,3678.0,4436.0,Small
751757,3114,1005,192.0,653.0,845.0,Small
752624,8230,1659,332.0,2453.0,2785.0,Small
753663,5101,1316,230.0,1464.0,1694.0,Small
753763,11094,3063,737.0,3224.0,3961.0,Small
754531,10465,2512,444.0,2687.0,3131.0,Small
755137,8541,2238,172.0,2776.0,2948.0,Small
757920,827975,278653,50677.0,129305.0,179982.0,Large
758925,25361,6308,1297.0,6757.0,8054.0,Small
759818,3195,1644,396.0,605.0,1001.0,Small
760817,4813,1151,205.0,774.0,979.0,Small
763510,86915,20189,2933.0,28421.0,31354.0,Medium
764506,16503,1467,817.0,7271.0,8088.0,Small
764775,4360,1727,187.0,680.0,867.0,Small
765806,15405,4483,723.0,2733.0,3456.0,Small
769411,13973,3922,554.0,6583.0,7137.0,Small
769423,3271,1228,0.0,0.0,0.0,Small
770985,362969,87705,19550.0,79463.0,99013.0,Medium
771449,3509,1221,199.0,593.0,792.0,Small
771794,8984,1904,237.0,3684.0,3921.0,Small
771796,12242,4890,401.0,2977.0,3378.0,Small
773259,182339,28073,5177.0,61164.0,66341.0,Medium
774606,4417,3439,0.0,0.0,0.0,Small
774645,10588,2087,1111.0,2233.0,3344.0,Small
775846,7125,1945,747.0,4075.0,4822.0,Small
776755,5563,1297,267.0,1678.0,1945.0,Small
777170,27435,3922,738.0,9098.0,9836.0,Small
778137,19084,5546,940.0,5902.0,6842.0,Small
778800,20532,5373,599.0,8486.0,9085.0,Small
780180,5111,1551,250.0,869.0,1119.0,Small
781793,35927,8681,1158.0,9442.0,10600.0,Small
783818,16543,1035,271.0,7813.0,8084.0,Small
784585,18333,5459,1432.0,6743.0,8175.0,Small
785609,50725,15297,1658.0,10406.0,12064.0,Medium
786581,4555,1241,165.0,1343.0,1508.0,Small
786604,7925,7924,0.0,0.0,0.0,Small
786754,4565,1047,243.0,1313.0,1556.0,Small
787066,11144,1655,490.0,5328.0,5818.0,Small
787207,34077,6396,792.0,8040.0,8832.0,Small
788487,50431,9934,1990.0,16986.0,18976.0,Small
788862,14211,5083,1441.0,4098.0,5539.0,Small
789108,7995,3146,482.0,722.0,1204.0,Small
790143,15806,4495,69.0,1620.0,1689.0,Small
790819,3478,2051,0.0,0.0,0.0,Small
791446,29733,4471,700.0,7336.0,8036.0,Small
791625,10622,3717,558.0,3787.0,4345.0,Small
792080,11613,4301,599.0,1183.0,1782.0,Small
792169,6733,1737,689.0,1990.0,2679.0,Small
792298,40017,4507,1919.0,13170.0,15089.0,Small
792977,13203,3544,1306.0,7899.0,9205.0,Small
793008,5345,1910,431.0,1548.0,1979.0,Small
794006,10397,2686,498.0,3177.0,3675.0,Small
794547,16186,3197,472.0,6285.0,6757.0,Small
796792,4996,1039,233.0,1342.0,1575.0,Small
799475,41379,10885,2024.0,8873.0,10897.0,Medium
800531,7499,1901,529.0,3451.0,3980.0,Small
803311,24873,7140,1050.0,5009.0,6059.0,Small
804325,147265,31172,5343.0,49423.0,54766.0,Medium
804753,10074,3121,640.0,1582.0,2222.0,Small
805611,7578,1664,402.0,1671.0,2073.0,Small
805659,14923,4677,878.0,3435.0,4313.0,Small
806429,2650198,579219,97620.0,1183339.0,1280959.0,Enterprise
808055,68100,9872,1476.0,19471.0,20947.0,Small
808148,6479,1723,299.0,1618.0,1917.0,Small
810116,18844,4411,797.0,5763.0,6560.0,Small
811549,109029,43803,3839.0,39509.0,43348.0,Medium
813196,48542,8359,1264.0,17035.0,18299.0,Small
814873,12099,3650,481.0,3136.0,3617.0,Small
815936,57212,12001,1259.0,10297.0,11556.0,Medium
816459,14885,4018,546.0,5201.0,5747.0,Small
817337,3737,1179,55.0,199.0,254.0,Small
820561,6049,1234,74.0,1267.0,1341.0,Small
823286,4294,1003,128.0,939.0,1067.0,Small
824351,9768048,2886758,491675.0,2131753.0,2623428.0,Enterprise
824951,23141,6147,972.0,4999.0,5971.0,Small
827397,15374,7844,2117.0,4273.0,6390.0,Small
827508,27701,6392,1240.0,8264.0,9504.0,Small
828595,12647,1751,390.0,5986.0,6376.0,Small
830319,6074,2258,480.0,2275.0,2755.0,Small
830513,569383,136020,21940.0,101890.0,123830.0,Medium
830938,26621,6847,1304.0,6514.0,7818.0,Small
831569,3494,1054,177.0,913.0,1090.0,Small
832038,32571,1120,74.0,20769.0,20843.0,Small
833033,7817,2994,408.0,2052.0,2460.0,Small
835177,13211,2927,533.0,3786.0,4319.0,Small
835479,5496,1382,275.0,1354.0,1629.0,Small
835653,44303,19799,1470.0,3205.0,4675.0,Medium
835870,4558,1360,208.0,825.0,1033.0,Small
835947,8549,2085,204.0,2128.0,2332.0,Small
836437,387729,123728,17971.0,42363.0,60334.0,Medium
836626,3632,1106,237.0,747.0,984.0,Small
836878,855979,71741,107526.0,274092.0,381618.0,Medium
837093,6483,1783,288.0,1209.0,1497.0,Small
837803,88073,10486,1605.0,7249.0,8854.0,Medium
842216,24374,5467,1166.0,7230.0,8396.0,Small
842632,76391,31075,9666.0,17904.0,27570.0,Medium
842634,18998,3504,493.0,4210.0,4703.0,Small
843144,39105,8224,0.0,6331.0,6331.0,Small
843763,83245,23073,6610.0,21981.0,28591.0,Medium
847595,79792,22355,3874.0,15637.0,19511.0,Medium
847623,479871,38324,0.0,0.0,0.0,Medium
847697,4807,1510,214.0,1077.0,1291.0,Small
848666,1333513,59001,20182.0,476922.0,497104.0,Medium
851178,7614,1334,38.0,2438.0,2476.0,Small
851894,17667,5309,518.0,3467.0,3985.0,Small
851995,5438,2932,147.0,1333.0,1480.0,Small
852369,12515,3927,296.0,4779.0,5075.0,Small
853055,18857,5211,696.0,4374.0,5070.0,Small
853082,16252,5088,607.0,3022.0,3629.0,Small
853148,4690,1146,370.0,598.0,968.0,Small
854749,7576,1991,412.0,1944.0,2356.0,Small
854872,290230,75702,7701.0,84885.0,92586.0,Medium
855186,78109,19073,6725.0,11793.0,18518.0,Medium
856989,1062392,250415,43203.0,279825.0,323028.0,Large
857468,38573,17079,2743.0,6528.0,9271.0,Medium
857720,21712,5725,2281.0,4658.0,6939.0,Small
857807,40917,11771,1972.0,8137.0,10109.0,Medium
857887,9729,4068,482.0,1084.0,1566.0,Small
858487,68210,10222,1893.0,28573.0,30466.0,Medium
858782,5864,1668,341.0,1134.0,1475.0,Small
859193,5790,1126,214.0,2277.0,2491.0,Small
859730,22899,5915,673.0,6429.0,7102.0,Small
859903,12403948,2523883,376778.0,4406864.0,4783642.0,Enterprise
860746,17369,5438,884.0,3663.0,4547.0,Small
861251,10181,1219,301.0,3713.0,4014.0,Small
861405,21401,4135,623.0,7973.0,8596.0,Small
862345,35685,7206,32.0,9082.0,9114.0,Small
865032,6202,1720,396.0,849.0,1245.0,Small
865837,75913,21471,3565.0,15725.0,19290.0,Medium
866497,2689,1219,106.0,1200.0,1306.0,Small
867864,179313,41323,183.0,50570.0,50753.0,Medium
869557,22044,8427,2554.0,6450.0,9004.0,Small
870019,13457,3045,1013.0,4378.0,5391.0,Small
870788,5024,1380,212.0,1308.0,1520.0,Small
871319,13089,6573,1362.0,2728.0,4090.0,Small
871399,5362,1403,278.0,1234.0,1512.0,Small
874167,9574,2495,268.0,2266.0,2534.0,Small
875759,22941,8243,1175.0,3749.0,4924.0,Small
876509,18074,8229,1236.0,1757.0,2993.0,Small
876558,146868,38770,6947.0,34922.0,41869.0,Medium
876734,8101,4377,822.0,2541.0,3363.0,Small
877159,4837,1452,378.0,1176.0,1554.0,Small
877959,6994,2089,325.0,1134.0,1459.0,Small
878069,122080,15763,3602.0,51757.0,55359.0,Medium
878258,26044,6987,868.0,3511.0,4379.0,Small
878317,1584561,339320,63932.0,536960.0,600892.0,Large
878771,139170,47024,7334.0,27305.0,34639.0,Medium
879069,2770,1371,290.0,303.0,593.0,Small
879156,16841,3200,567.0,6133.0,6700.0,Small
879386,5784,1290,153.0,853.0,1006.0,Small
881237,6945,1740,233.0,1794.0,2027.0,Small
882520,4950,1548,149.0,1442.0,1591.0,Small
882876,36844,2068,617.0,15380.0,15997.0,Small
883541,6505,2386,418.0,1535.0,1953.0,Small
883806,5481,1168,253.0,1592.0,1845.0,Small
884057,7592,2035,498.0,2552.0,3050.0,Small
885102,72015,18410,3502.0,15881.0,19383.0,Medium
885680,21476681,6206452,613018.0,5257520.0,5870538.0,Enterprise
885811,27118,6663,1298.0,6587.0,7885.0,Small
885966,72939,12996,5018.0,15922.0,20940.0,Medium
886134,18022,5869,850.0,2863.0,3713.0,Small
886840,3917,2763,17.0,46.0,63.0,Small
887972,14199,3365,770.0,3865.0,4635.0,Small
888355,6124,1333,218.0,1772.0,1990.0,Small
891939,11669,3229,0.0,0.0,0.0,Small
892717,51998,8027,1934.0,17851.0,19785.0,Small
894068,6326,2512,203.0,874.0,1077.0,Small
894369,5243,1052,83.0,1422.0,1505.0,Small
894561,5293,1332,62.0,885.0,947.0,Small
895205,20682,5060,885.0,5629.0,6514.0,Small
895304,198505,63427,10630.0,42278.0,52908.0,Medium
896210,37670,13729,2073.0,2633.0,4706.0,Medium
896717,7282,1296,398.0,3183.0,3581.0,Small
896872,2712,1231,527.0,839.0,1366.0,Small
897261,18103,1593,575.0,5814.0,6389.0,Small
897278,25203,5849,3042.0,10192.0,13234.0,Small
898838,7255,1381,257.0,2510.0,2767.0,Small
899827,296604,93047,12207.0,93089.0,105296.0,Medium
900446,4755,1141,252.0,1168.0,1420.0,Small
901944,5083,1735,293.0,488.0,781.0,Small
902073,15557785,3764239,718972.0,5512794.0,6231766.0,Enterprise
903876,24459,7649,46.0,5343.0,5389.0,Small
904643,1356,1354,0.0,2.0,2.0,Small
904718,6242,1534,293.0,1494.0,1787.0,Small
905725,22050,7905,1320.0,7646.0,8966.0,Small
905956,15280,3212,473.0,5504.0,5977.0,Small
906211,31439,7237,1728.0,9200.0,10928.0,Small
907223,42554,12863,1697.0,6284.0,7981.0,Medium
908519,5666,1487,301.0,1994.0,2295.0,Small
909077,6268,3239,389.0,713.0,1102.0,Small
909527,2972,2718,254.0,0.0,254.0,Small
911064,15523,2294,186.0,6248.0,6434.0,Small
912392,15066,4199,680.0,3452.0,4132.0,Small
912733,6117,1198,698.0,2205.0,2903.0,Small
913139,10373,1756,397.0,3763.0,4160.0,Small
913855,9699,1843,454.0,3801.0,4255.0,Small
916454,20088,2197,1697.0,4470.0,6167.0,Small
916725,5692,2004,318.0,1707.0,2025.0,Small
918240,883320,227003,36053.0,224354.0,260407.0,Large
920905,7145,1292,223.0,1024.0,1247.0,Small
921255,6089,1763,244.0,888.0,1132.0,Small
921379,5617,1090,160.0,597.0,757.0,Small
921427,32299,8949,1720.0,7498.0,9218.0,Small
921611,8598209,1518485,263683.0,2528245.0,2791928.0,Enterprise
922152,38439,9975,549.0,3096.0,3645.0,Small
924375,7203,2293,382.0,1268.0,1650.0,Small
924590,30412,4175,616.0,13527.0,14143.0,Small
925905,320776,67587,12643.0,93451.0,106094.0,Medium
926614,14705,3355,661.0,3860.0,4521.0,Small
926759,1616,1079,524.0,13.0,537.0,Small
927219,3973,1059,106.0,1119.0,1225.0,Small
928563,14882,5407,854.0,2456.0,3310.0,Small
928575,4828,1322,282.0,1148.0,1430.0,Small
928667,20722,5619,1243.0,2189.0,3432.0,Small
929587,11456,2969,368.0,2406.0,2774.0,Small
930139,15656,1779,333.0,5850.0,6183.0,Small
930482,7458,2046,889.0,1092.0,1981.0,Small
930786,6298,1690,480.0,1427.0,1907.0,Small
931867,3507,1534,399.0,254.0,653.0,Small
931980,19408,6020,1111.0,5317.0,6428.0,Small
936134,5769,1930,276.0,899.0,1175.0,Small
936951,10975,2058,580.0,4835.0,5415.0,Small
937828,7153,1533,331.0,2179.0,2510.0,Small
937860,150690,4098,1997.0,88742.0,90739.0,Small
938287,21238,5749,1083.0,9742.0,10825.0,Small
939820,18619,2645,509.0,8608.0,9117.0,Small
940268,16018,3677,462.0,4462.0,4924.0,Small
941451,1418706,331533,57669.0,379073.0,436742.0,Large
942148,10991,1842,247.0,4031.0,4278.0,Small
943000,9894,3627,771.0,762.0,1533.0,Small
943901,3968,1399,185.0,360.0,545.0,Small
945327,10084,2614,464.0,2214.0,2678.0,Small
948156,13488,3750,651.0,2062.0,2713.0,Small
948971,6173,2302,333.0,1784.0,2117.0,Small
951252,8320,1578,467.0,2901.0,3368.0,Small
952291,166199,20115,7392.0,67458.0,74850.0,Medium
952364,10259,1079,206.0,5256.0,5462.0,Small
952813,16056,3239,769.0,5424.0,6193.0,Small
953829,6260,3094,112.0,158.0,270.0,Small
953854,10072,1884,330.0,3796.0,4126.0,Small
954070,1710056,683934,91436.0,423882.0,515318.0,Enterprise
954178,4063,1151,234.0,1010.0,1244.0,Small
954516,216332,42386,9397.0,64373.0,73770.0,Medium
954523,45812,12314,1288.0,9853.0,11141.0,Medium
954657,6997,1652,316.0,1743.0,2059.0,Small
956321,5989,1973,273.0,930.0,1203.0,Small
958030,466343,127299,28845.0,106357.0,135202.0,Medium
958309,7286,1380,172.0,2781.0,2953.0,Small
959477,3848,1032,172.0,907.0,1079.0,Small
961252,5778,1732,292.0,855.0,1147.0,Small
962210,17316,4341,339.0,3379.0,3718.0,Small
962943,6826,2080,289.0,1423.0,1712.0,Small
965295,8527,2386,407.0,1661.0,2068.0,Small
965584,28308,17957,10.0,7567.0,7577.0,Medium
966097,640746,161689,25749.0,114820.0,140569.0,Medium
966592,5078,1381,273.0,1093.0,1366.0,Small
967700,42548,9473,479.0,9322.0,9801.0,Small
970248,24229,3592,665.0,9911.0,10576.0,Small
971797,11423,1785,409.0,3479.0,3888.0,Small
972368,9957,1781,327.0,3527.0,3854.0,Small
972598,7516,1687,159.0,3922.0,4081.0,Small
972718,9702,2229,400.0,2400.0,2800.0,Small
973720,52942,1577,2359.0,23971.0,26330.0,Small
975054,5016,1506,311.0,738.0,1049.0,Small
975328,7893,1518,294.0,2874.0,3168.0,Small
975336,2312,1207,199.0,383.0,582.0,Small
976044,7969,1514,358.0,2383.0,2741.0,Small
976180,6305,1463,408.0,2698.0,3106.0,Small
977352,87715,9530,2030.0,35234.0,37264.0,Small
978343,13108,3077,564.0,3891.0,4455.0,Small
979549,15273,2231,0.0,0.0,0.0,Small
979892,9457,2618,450.0,3142.0,3592.0,Small
980193,4139,1019,9.0,676.0,685.0,Small
982806,12036,4215,477.0,1592.0,2069.0,Small
983349,10226,1889,353.0,3175.0,3528.0,Small
983904,5886,1471,160.0,1354.0,1514.0,Small
985198,6082,1294,316.0,1861.0,2177.0,Small
985225,2679,1391,0.0,728.0,728.0,Small
985336,5271,1817,483.0,578.0,1061.0,Small
986495,15274,5058,563.0,2204.0,2767.0,Small
986637,3744,1132,181.0,423.0,604.0,Small
987288,43247,8025,3020.0,16837.0,19857.0,Small
989429,4046,1002,214.0,1124.0,1338.0,Small
989822,104319,38649,4624.0,18195.0,22819.0,Medium
990621,111106,18097,4201.0,36919.0,41120.0,Medium
990926,19677,1925,849.0,10495.0,11344.0,Small
991844,50066,18138,3027.0,12297.0,15324.0,Medium
992027,104605,30625,5423.0,17921.0,23344.0,Medium
992405,7840,2260,420.0,1652.0,2072.0,Small
992524,7531,2391,331.0,1494.0,1825.0,Small
993472,23106,6053,1025.0,4307.0,5332.0,Small
993759,9006,2652,368.0,1906.0,2274.0,Small
994361,7817,2608,543.0,1115.0,1658.0,Small
994762,2750,1073,121.0,229.0,350.0,Small
995173,11041,1632,115.0,4805.0,4920.0,Small
999141,12577,3364,624.0,2995.0,3619.0,Small
999362,13878,3561,694.0,3637.0,4331.0,Small
